<?xml version="1.0" encoding="UTF-8" standalone="yes"?>
<addon id="plugin.video.pokemon-tv" name="Pokémon TV" version="0.1.0" provider-name="SyrupThinker, Contributors">
  <requires>
    <!-- <import addon="xbmc.python" version="3.0.0" /> -->
    <import addon="script.common.plugin.cache" version="2.6.1"/>
	<import addon="script.module.six"/>
  </requires>
  <extension point="xbmc.python.pluginsource" library="addon.py">
    <provides>video</provides>
  </extension>
  <extension point="xbmc.addon.metadata">
    <summary lang="en_GB">Watch Pokémon TV</summary>
    <description lang="en_GB">
      This addon allows you watch Pokémon TV with Kodi. It uses the offical API https://www.pokemon.com/api/pokemontv/v2/channels/us/ as used by https://watch.pokemon.com .
      
      You can configure the stream quality and language in the addons settings.
    </description>
    <disclaimer lang="en_GB">
      Pokémon is a trademark owned by Nintendo, Creatures Inc. and Game Freak.
      All content is owned by The Pokémon Company International.

      This addon utilizes services provided under the terms-of-use found at
      https://www.pokemon.com/us/terms-of-use/ .
      The applicable TOS may vary based on your location.
    </disclaimer>
    <language>el dk es fi fr de it nl no br ru se uk us</language>
    <platform>all</platform>
    <license>GPL-3.0-only</license>
    <source>https://github.com/SyrupThinker/kodi-pokemon-tv/</source>
    <news>v0.1.0 (2020-03-22)
    Initial version.
    </news>
    <assets>
      <icon>icon.png</icon>
      <fanart>fanart.jpg</fanart> 
    </assets>
  </extension>
</addon>

